Index,runtime,2-norm
0,0.678079,5.78911
1,1.01477,13.4752
