Index,runtime,2-norm
0,0.741566,5.78911
1,1.15136,13.4752
